Aaron, Brown,male,1990-12-12,aaron.brown@gmail.com,100-111-1111
Chrystal,Chanel,female,1991–06-03,chrystal.chanel@gmail.com,100-222-2222
Adrian,Yu,male,1966-06-06,adrian.yu@gmail.com,100-333-3333
Tanner,Richardson,male,1994-02-02,tanner.richardson@gmail.com,100-444-4444
Tyrone,Jenkens,male,1976-03-03,tyrone.jenkens@gmail.com,100-555-5555
Cody,Smith,male,2001-09-03,cody.smith@gmail.com,100-666-6666