Adam,Smith,asmith@gmail.com,34 Chaparral Rd.,111-111-1111
Allan, Frederik,afred@gmail.com,87 Sundance Way, 222-222-2222
Robert,Wang,Rwang@gmail.com,898 Sunridge Way, 333-333-3333
Markus,Goldstein,Gold@gmail.com,56 Apple Ave, 444-444-4444
Rich,Hodge,Rhodge@gmail.com,78 Opera Way, 555-555-5555
Kevin,Burk,kb@gmail.com,1 Walden Rd, 666-666-6666
Callum,VonModger,VonModger@gmail.com, 123 Shawnees’ way, 777-777-7777
Jay,Adams,Jadams@gmail.com,7809 10th Ave, 888-888-8888
Tom,Piana,Tom@gmail.com,897 West Ave, 999-999-9999
